{
  "timestamp": "January 11, 2024 07:13:25 AM",
  "run_id": "fd4735e48f19413290827675e9a51d4a",
  "overall": {
    "precision": 0.9930799220272905,
    "recall": 0.9929824561403509,
    "f1": 0.9929822833455155,
    "auc": 0.993006993006993,
    "num_samples": 285.0
  },
  "per_class": {
    "1": {
      "precision": 0.9861111111111112,
      "recall": 1.0,
      "f1": 0.993006993006993,
      "num_samples": 142.0
    },
    "0": {
      "precision": 1.0,
      "recall": 0.986013986013986,
      "f1": 0.9929577464788732,
      "num_samples": 143.0
    }
  }
}
