{
  "timestamp": "January 11, 2024 07:10:02 AM",
  "run_id": "0d5077aed3bf480b87360ad314397f75",
  "params": {
    "fc_size": 64,
    "lr": 0.000255971016447336,
    "lr_factor": 0.61179338458458,
    "lr_patience": 1.7961807858617038
  },
  "metrics": [
    {
      "epoch": 0,
      "train_loss": 0.6679825232142488,
      "val_loss": 0.7041091202948585
    }
  ]
}
